,missing_count,missing_percent
PM2.5,8739,2.0769164955509924
PM10,6449,1.5326735873450452
SO2,9021,2.143936801277664
NO2,12116,2.8794965396608108
CO,20701,4.9198132937866
O3,13277,3.1554205643014677
TEMP,398,0.09458894212487641
PRES,393,0.09340063883185033
DEWP,403,0.0957772454179025
RAIN,390,0.09268765685603468
WSPM,318,0.07557608943645905
