variable,missing_count,missing_percent
CO,20701,4.9198132937866
O3,13277,3.155420564301468
NO2,12116,2.8794965396608108
SO2,9021,2.143936801277664
PM2.5,8739,2.0769164955509924
PM10,6449,1.5326735873450452
DEWP,403,0.0957772454179025
TEMP,398,0.0945889421248764
PRES,393,0.0934006388318503
RAIN,390,0.0926876568560346
